,report_date,health_district,sex,number_of_cases,number_of_hospitalizations,number_of_deaths
0,2020-08-05T00:00:00.000,Alexandria,Female,1481,127,33
1,2020-08-05T00:00:00.000,Alexandria,Male,1383,147,27
2,2020-08-05T00:00:00.000,Alexandria,Not Reported,8,0,0
3,2020-08-05T00:00:00.000,Alleghany,Female,474,14,10
4,2020-08-05T00:00:00.000,Alleghany,Male,400,26,8
5,2020-08-05T00:00:00.000,Alleghany,Not Reported,8,0,0
6,2020-08-05T00:00:00.000,Arlington,Female,1476,194,66
7,2020-08-05T00:00:00.000,Arlington,Male,1515,242,69
8,2020-08-05T00:00:00.000,Arlington,Not Reported,6,0,0
9,2020-08-05T00:00:00.000,Central Shenandoah,Female,1467,106,28
10,2020-08-05T00:00:00.000,Central Shenandoah,Male,1252,101,27
11,2020-08-05T00:00:00.000,Central Shenandoah,Not Reported,0,0,0
12,2020-08-05T00:00:00.000,Central Virginia,Female,624,22,4
13,2020-08-05T00:00:00.000,Central Virginia,Male,569,36,9
14,2020-08-05T00:00:00.000,Central Virginia,Not Reported,4,0,0
15,2020-08-05T00:00:00.000,Chesapeake,Female,1512,116,14
16,2020-08-05T00:00:00.000,Chesapeake,Male,1199,105,19
17,2020-08-05T00:00:00.000,Chesapeake,Not Reported,3,0,0
18,2020-08-05T00:00:00.000,Chesterfield,Female,2221,121,46
19,2020-08-05T00:00:00.000,Chesterfield,Male,2160,131,52
20,2020-08-05T00:00:00.000,Chesterfield,Not Reported,112,0,2
21,2020-08-05T00:00:00.000,Chickahominy,Female,513,64,21
22,2020-08-05T00:00:00.000,Chickahominy,Male,418,66,24
23,2020-08-05T00:00:00.000,Chickahominy,Not Reported,5,0,0
24,2020-08-05T00:00:00.000,Crater,Female,1034,115,38
25,2020-08-05T00:00:00.000,Crater,Male,1176,99,30
26,2020-08-05T00:00:00.000,Crater,Not Reported,23,1,0
27,2020-08-05T00:00:00.000,Cumberland Plateau,Female,165,10,2
28,2020-08-05T00:00:00.000,Cumberland Plateau,Male,133,14,1
29,2020-08-05T00:00:00.000,Cumberland Plateau,Not Reported,0,0,0
30,2020-08-05T00:00:00.000,Eastern Shore,Female,690,67,24
31,2020-08-05T00:00:00.000,Eastern Shore,Male,681,60,20
32,2020-08-05T00:00:00.000,Eastern Shore,Not Reported,9,0,0
33,2020-08-05T00:00:00.000,Fairfax,Female,8227,815,265
34,2020-08-05T00:00:00.000,Fairfax,Male,7846,1109,276
35,2020-08-05T00:00:00.000,Fairfax,Not Reported,87,1,1
36,2020-08-05T00:00:00.000,Hampton,Female,631,17,4
37,2020-08-05T00:00:00.000,Hampton,Male,495,32,3
38,2020-08-05T00:00:00.000,Hampton,Not Reported,3,0,0
39,2020-08-05T00:00:00.000,Henrico,Female,1952,156,97
40,2020-08-05T00:00:00.000,Henrico,Male,1741,166,85
41,2020-08-05T00:00:00.000,Henrico,Not Reported,21,0,0
42,2020-08-05T00:00:00.000,Lenowisco,Female,154,17,1
43,2020-08-05T00:00:00.000,Lenowisco,Male,137,17,6
44,2020-08-05T00:00:00.000,Lenowisco,Not Reported,0,0,0
45,2020-08-05T00:00:00.000,Lord Fairfax,Female,1325,103,47
46,2020-08-05T00:00:00.000,Lord Fairfax,Male,1180,116,38
47,2020-08-05T00:00:00.000,Lord Fairfax,Not Reported,8,0,0
48,2020-08-05T00:00:00.000,Loudoun,Female,2559,149,71
49,2020-08-05T00:00:00.000,Loudoun,Male,2532,191,42
50,2020-08-05T00:00:00.000,Loudoun,Not Reported,26,0,0
51,2020-08-05T00:00:00.000,Mount Rogers,Female,685,40,17
52,2020-08-05T00:00:00.000,Mount Rogers,Male,606,82,35
53,2020-08-05T00:00:00.000,Mount Rogers,Not Reported,4,0,0
54,2020-08-05T00:00:00.000,New River,Female,215,9,2
55,2020-08-05T00:00:00.000,New River,Male,249,23,5
56,2020-08-05T00:00:00.000,New River,Not Reported,4,0,0
57,2020-08-05T00:00:00.000,Norfolk,Female,1851,92,13
58,2020-08-05T00:00:00.000,Norfolk,Male,1640,87,15
59,2020-08-05T00:00:00.000,Norfolk,Not Reported,2,0,0
60,2020-08-05T00:00:00.000,Peninsula,Female,1486,80,26
61,2020-08-05T00:00:00.000,Peninsula,Male,1302,85,18
62,2020-08-05T00:00:00.000,Peninsula,Not Reported,14,0,0
63,2020-08-05T00:00:00.000,Piedmont,Female,430,50,7
64,2020-08-05T00:00:00.000,Piedmont,Male,981,69,22
65,2020-08-05T00:00:00.000,Piedmont,Not Reported,4,0,0
66,2020-08-05T00:00:00.000,Pittsylvania-Danville,Female,428,44,7
67,2020-08-05T00:00:00.000,Pittsylvania-Danville,Male,304,24,2
68,2020-08-05T00:00:00.000,Pittsylvania-Danville,Not Reported,5,0,0
69,2020-08-05T00:00:00.000,Portsmouth,Female,898,72,12
70,2020-08-05T00:00:00.000,Portsmouth,Male,762,59,13
71,2020-08-05T00:00:00.000,Portsmouth,Not Reported,3,0,0
72,2020-08-05T00:00:00.000,Prince William,Female,5648,423,86
73,2020-08-05T00:00:00.000,Prince William,Male,5542,540,116
74,2020-08-05T00:00:00.000,Prince William,Not Reported,74,1,0
75,2020-08-05T00:00:00.000,Rappahannock,Female,1791,136,22
76,2020-08-05T00:00:00.000,Rappahannock,Male,1586,156,33
77,2020-08-05T00:00:00.000,Rappahannock,Not Reported,10,1,0
78,2020-08-05T00:00:00.000,Rappahannock Rapidan,Female,951,54,11
79,2020-08-05T00:00:00.000,Rappahannock Rapidan,Male,923,79,16
80,2020-08-05T00:00:00.000,Rappahannock Rapidan,Not Reported,4,0,0
81,2020-08-05T00:00:00.000,Richmond,Female,1514,137,12
82,2020-08-05T00:00:00.000,Richmond,Male,1475,147,25
83,2020-08-05T00:00:00.000,Richmond,Not Reported,45,2,2
84,2020-08-05T00:00:00.000,Roanoke,Female,488,10,9
85,2020-08-05T00:00:00.000,Roanoke,Male,429,11,5
86,2020-08-05T00:00:00.000,Roanoke,Not Reported,15,0,0
87,2020-08-05T00:00:00.000,Southside,Female,348,31,20
88,2020-08-05T00:00:00.000,Southside,Male,337,34,15
89,2020-08-05T00:00:00.000,Southside,Not Reported,4,0,0
90,2020-08-05T00:00:00.000,Thomas Jefferson,Female,974,71,23
91,2020-08-05T00:00:00.000,Thomas Jefferson,Male,852,66,18
92,2020-08-05T00:00:00.000,Thomas Jefferson,Not Reported,2,0,0
93,2020-08-05T00:00:00.000,Three Rivers,Female,358,40,10
94,2020-08-05T00:00:00.000,Three Rivers,Male,630,29,6
95,2020-08-05T00:00:00.000,Three Rivers,Not Reported,21,0,0
96,2020-08-05T00:00:00.000,Virginia Beach,Female,2471,107,22
97,2020-08-05T00:00:00.000,Virginia Beach,Male,2097,112,27
98,2020-08-05T00:00:00.000,Virginia Beach,Not Reported,15,0,0
99,2020-08-05T00:00:00.000,Western Tidewater,Female,1057,60,35
100,2020-08-05T00:00:00.000,Western Tidewater,Male,878,72,42
101,2020-08-05T00:00:00.000,Western Tidewater,Not Reported,1,0,0
102,2020-08-05T00:00:00.000,West Piedmont,Female,561,64,7
103,2020-08-05T00:00:00.000,West Piedmont,Male,426,54,8
104,2020-08-05T00:00:00.000,West Piedmont,Not Reported,4,0,0
105,2020-08-04T00:00:00.000,Alexandria,Female,1478,127,33
106,2020-08-04T00:00:00.000,Alexandria,Male,1381,146,27
107,2020-08-04T00:00:00.000,Alexandria,Not Reported,8,0,0
108,2020-08-04T00:00:00.000,Alleghany,Female,468,14,10
109,2020-08-04T00:00:00.000,Alleghany,Male,396,26,7
110,2020-08-04T00:00:00.000,Alleghany,Not Reported,8,0,0
111,2020-08-04T00:00:00.000,Arlington,Female,1465,194,67
112,2020-08-04T00:00:00.000,Arlington,Male,1503,242,69
113,2020-08-04T00:00:00.000,Arlington,Not Reported,5,0,0
114,2020-08-04T00:00:00.000,Central Shenandoah,Female,1460,106,27
115,2020-08-04T00:00:00.000,Central Shenandoah,Male,1248,101,27
116,2020-08-04T00:00:00.000,Central Shenandoah,Not Reported,1,0,0
117,2020-08-04T00:00:00.000,Central Virginia,Female,605,20,3
118,2020-08-04T00:00:00.000,Central Virginia,Male,546,36,8
119,2020-08-04T00:00:00.000,Central Virginia,Not Reported,4,0,0
120,2020-08-04T00:00:00.000,Chesapeake,Female,1496,115,13
121,2020-08-04T00:00:00.000,Chesapeake,Male,1190,102,17
122,2020-08-04T00:00:00.000,Chesapeake,Not Reported,3,0,0
123,2020-08-04T00:00:00.000,Chesterfield,Female,2202,121,46
124,2020-08-04T00:00:00.000,Chesterfield,Male,2146,131,52
125,2020-08-04T00:00:00.000,Chesterfield,Not Reported,112,0,2
126,2020-08-04T00:00:00.000,Chickahominy,Female,509,64,20
127,2020-08-04T00:00:00.000,Chickahominy,Male,415,66,24
128,2020-08-04T00:00:00.000,Chickahominy,Not Reported,5,0,0
129,2020-08-04T00:00:00.000,Crater,Female,1025,114,36
130,2020-08-04T00:00:00.000,Crater,Male,1167,98,29
131,2020-08-04T00:00:00.000,Crater,Not Reported,23,1,0
132,2020-08-04T00:00:00.000,Cumberland Plateau,Female,151,9,0
133,2020-08-04T00:00:00.000,Cumberland Plateau,Male,126,13,1
134,2020-08-04T00:00:00.000,Cumberland Plateau,Not Reported,0,0,0
135,2020-08-04T00:00:00.000,Eastern Shore,Female,689,66,24
136,2020-08-04T00:00:00.000,Eastern Shore,Male,679,60,20
137,2020-08-04T00:00:00.000,Eastern Shore,Not Reported,9,0,0
138,2020-08-04T00:00:00.000,Fairfax,Female,8206,817,264
139,2020-08-04T00:00:00.000,Fairfax,Male,7834,1109,275
140,2020-08-04T00:00:00.000,Fairfax,Not Reported,87,1,1
141,2020-08-04T00:00:00.000,Hampton,Female,616,17,4
142,2020-08-04T00:00:00.000,Hampton,Male,484,32,3
143,2020-08-04T00:00:00.000,Hampton,Not Reported,3,0,0
144,2020-08-04T00:00:00.000,Henrico,Female,1936,155,97
145,2020-08-04T00:00:00.000,Henrico,Male,1733,166,85
146,2020-08-04T00:00:00.000,Henrico,Not Reported,21,0,0
147,2020-08-04T00:00:00.000,Lenowisco,Female,145,15,1
148,2020-08-04T00:00:00.000,Lenowisco,Male,134,17,6
149,2020-08-04T00:00:00.000,Lenowisco,Not Reported,0,0,0
150,2020-08-04T00:00:00.000,Lord Fairfax,Female,1321,102,47
151,2020-08-04T00:00:00.000,Lord Fairfax,Male,1176,115,38
152,2020-08-04T00:00:00.000,Lord Fairfax,Not Reported,8,0,0
153,2020-08-04T00:00:00.000,Loudoun,Female,2542,149,71
154,2020-08-04T00:00:00.000,Loudoun,Male,2525,190,42
155,2020-08-04T00:00:00.000,Loudoun,Not Reported,26,0,0
156,2020-08-04T00:00:00.000,Mount Rogers,Female,673,40,17
157,2020-08-04T00:00:00.000,Mount Rogers,Male,599,81,34
158,2020-08-04T00:00:00.000,Mount Rogers,Not Reported,4,0,0
159,2020-08-04T00:00:00.000,New River,Female,210,9,2
160,2020-08-04T00:00:00.000,New River,Male,249,23,5
161,2020-08-04T00:00:00.000,New River,Not Reported,4,0,0
162,2020-08-04T00:00:00.000,Norfolk,Female,1808,91,12
163,2020-08-04T00:00:00.000,Norfolk,Male,1615,87,14
164,2020-08-04T00:00:00.000,Norfolk,Not Reported,2,0,0
165,2020-08-04T00:00:00.000,Peninsula,Female,1470,80,25
166,2020-08-04T00:00:00.000,Peninsula,Male,1292,85,18
167,2020-08-04T00:00:00.000,Peninsula,Not Reported,14,0,0
168,2020-08-04T00:00:00.000,Piedmont,Female,426,49,7
169,2020-08-04T00:00:00.000,Piedmont,Male,951,68,22
170,2020-08-04T00:00:00.000,Piedmont,Not Reported,4,0,0
171,2020-08-04T00:00:00.000,Pittsylvania-Danville,Female,421,42,7
172,2020-08-04T00:00:00.000,Pittsylvania-Danville,Male,301,24,2
173,2020-08-04T00:00:00.000,Pittsylvania-Danville,Not Reported,5,0,0
174,2020-08-04T00:00:00.000,Portsmouth,Female,882,72,12
175,2020-08-04T00:00:00.000,Portsmouth,Male,746,57,12
176,2020-08-04T00:00:00.000,Portsmouth,Not Reported,3,0,0
177,2020-08-04T00:00:00.000,Prince William,Female,5623,420,86
178,2020-08-04T00:00:00.000,Prince William,Male,5508,535,114
179,2020-08-04T00:00:00.000,Prince William,Not Reported,74,1,0
180,2020-08-04T00:00:00.000,Rappahannock,Female,1774,135,21
181,2020-08-04T00:00:00.000,Rappahannock,Male,1573,157,31
182,2020-08-04T00:00:00.000,Rappahannock,Not Reported,9,1,0
183,2020-08-04T00:00:00.000,Rappahannock Rapidan,Female,944,54,10
184,2020-08-04T00:00:00.000,Rappahannock Rapidan,Male,915,79,16
185,2020-08-04T00:00:00.000,Rappahannock Rapidan,Not Reported,4,0,0
186,2020-08-04T00:00:00.000,Richmond,Female,1503,134,12
187,2020-08-04T00:00:00.000,Richmond,Male,1469,146,25
188,2020-08-04T00:00:00.000,Richmond,Not Reported,43,2,2
189,2020-08-04T00:00:00.000,Roanoke,Female,477,10,9
190,2020-08-04T00:00:00.000,Roanoke,Male,421,11,5
191,2020-08-04T00:00:00.000,Roanoke,Not Reported,15,0,0
192,2020-08-04T00:00:00.000,Southside,Female,346,31,20
193,2020-08-04T00:00:00.000,Southside,Male,316,34,15
194,2020-08-04T00:00:00.000,Southside,Not Reported,4,0,0
195,2020-08-04T00:00:00.000,Thomas Jefferson,Female,971,71,22
196,2020-08-04T00:00:00.000,Thomas Jefferson,Male,851,66,17
197,2020-08-04T00:00:00.000,Thomas Jefferson,Not Reported,2,0,0
198,2020-08-04T00:00:00.000,Three Rivers,Female,352,40,9
199,2020-08-04T00:00:00.000,Three Rivers,Male,629,29,6
200,2020-08-04T00:00:00.000,Three Rivers,Not Reported,21,0,0
201,2020-08-04T00:00:00.000,Virginia Beach,Female,2448,106,22
202,2020-08-04T00:00:00.000,Virginia Beach,Male,2067,109,27
203,2020-08-04T00:00:00.000,Virginia Beach,Not Reported,14,0,0
204,2020-08-04T00:00:00.000,Western Tidewater,Female,1041,60,35
205,2020-08-04T00:00:00.000,Western Tidewater,Male,859,72,42
206,2020-08-04T00:00:00.000,Western Tidewater,Not Reported,1,0,0
207,2020-08-04T00:00:00.000,West Piedmont,Female,552,63,5
208,2020-08-04T00:00:00.000,West Piedmont,Male,422,54,8
209,2020-08-04T00:00:00.000,West Piedmont,Not Reported,4,0,0
210,2020-08-03T00:00:00.000,Alexandria,Female,1466,125,32
211,2020-08-03T00:00:00.000,Alexandria,Male,1370,144,27
212,2020-08-03T00:00:00.000,Alexandria,Not Reported,8,0,0
213,2020-08-03T00:00:00.000,Alleghany,Female,467,14,12
214,2020-08-03T00:00:00.000,Alleghany,Male,396,25,8
215,2020-08-03T00:00:00.000,Alleghany,Not Reported,8,0,0
216,2020-08-03T00:00:00.000,Arlington,Female,1451,194,67
217,2020-08-03T00:00:00.000,Arlington,Male,1489,242,69
218,2020-08-03T00:00:00.000,Arlington,Not Reported,5,0,0
219,2020-08-03T00:00:00.000,Central Shenandoah,Female,1445,105,26
220,2020-08-03T00:00:00.000,Central Shenandoah,Male,1235,101,27
221,2020-08-03T00:00:00.000,Central Shenandoah,Not Reported,1,0,0
222,2020-08-03T00:00:00.000,Central Virginia,Female,586,20,3
223,2020-08-03T00:00:00.000,Central Virginia,Male,532,36,7
224,2020-08-03T00:00:00.000,Central Virginia,Not Reported,4,0,0
225,2020-08-03T00:00:00.000,Chesapeake,Female,1456,111,13
226,2020-08-03T00:00:00.000,Chesapeake,Male,1158,102,16
227,2020-08-03T00:00:00.000,Chesapeake,Not Reported,3,0,0
228,2020-08-03T00:00:00.000,Chesterfield,Female,2173,120,46
229,2020-08-03T00:00:00.000,Chesterfield,Male,2127,125,52
230,2020-08-03T00:00:00.000,Chesterfield,Not Reported,110,0,2
231,2020-08-03T00:00:00.000,Chickahominy,Female,500,64,20
232,2020-08-03T00:00:00.000,Chickahominy,Male,412,65,24
233,2020-08-03T00:00:00.000,Chickahominy,Not Reported,5,0,0
234,2020-08-03T00:00:00.000,Crater,Female,1017,110,34
235,2020-08-03T00:00:00.000,Crater,Male,1162,98,28
236,2020-08-03T00:00:00.000,Crater,Not Reported,23,1,0
237,2020-08-03T00:00:00.000,Cumberland Plateau,Female,145,8,0
238,2020-08-03T00:00:00.000,Cumberland Plateau,Male,124,13,1
239,2020-08-03T00:00:00.000,Cumberland Plateau,Not Reported,0,0,0
240,2020-08-03T00:00:00.000,Eastern Shore,Female,688,64,23
241,2020-08-03T00:00:00.000,Eastern Shore,Male,677,59,20
242,2020-08-03T00:00:00.000,Eastern Shore,Not Reported,9,0,0
243,2020-08-03T00:00:00.000,Fairfax,Female,8175,816,262
244,2020-08-03T00:00:00.000,Fairfax,Male,7786,1107,273
245,2020-08-03T00:00:00.000,Fairfax,Not Reported,87,1,1
246,2020-08-03T00:00:00.000,Hampton,Female,600,17,2
247,2020-08-03T00:00:00.000,Hampton,Male,467,32,3
248,2020-08-03T00:00:00.000,Hampton,Not Reported,3,0,0
249,2020-08-03T00:00:00.000,Henrico,Female,1916,152,97
250,2020-08-03T00:00:00.000,Henrico,Male,1718,165,85
251,2020-08-03T00:00:00.000,Henrico,Not Reported,20,0,0
252,2020-08-03T00:00:00.000,Lenowisco,Female,137,15,1
253,2020-08-03T00:00:00.000,Lenowisco,Male,130,17,6
254,2020-08-03T00:00:00.000,Lenowisco,Not Reported,0,0,0
255,2020-08-03T00:00:00.000,Lord Fairfax,Female,1315,102,47
256,2020-08-03T00:00:00.000,Lord Fairfax,Male,1170,114,38
257,2020-08-03T00:00:00.000,Lord Fairfax,Not Reported,8,0,0
258,2020-08-03T00:00:00.000,Loudoun,Female,2527,149,70
259,2020-08-03T00:00:00.000,Loudoun,Male,2505,190,42
260,2020-08-03T00:00:00.000,Loudoun,Not Reported,27,0,0
261,2020-08-03T00:00:00.000,Mount Rogers,Female,669,39,17
262,2020-08-03T00:00:00.000,Mount Rogers,Male,597,80,33
263,2020-08-03T00:00:00.000,Mount Rogers,Not Reported,4,0,0
264,2020-08-03T00:00:00.000,New River,Female,204,9,2
265,2020-08-03T00:00:00.000,New River,Male,244,23,5
266,2020-08-03T00:00:00.000,New River,Not Reported,4,0,0
267,2020-08-03T00:00:00.000,Norfolk,Female,1765,86,12
268,2020-08-03T00:00:00.000,Norfolk,Male,1578,87,14
269,2020-08-03T00:00:00.000,Norfolk,Not Reported,2,0,0
270,2020-08-03T00:00:00.000,Peninsula,Female,1435,78,25
271,2020-08-03T00:00:00.000,Peninsula,Male,1257,83,16
272,2020-08-03T00:00:00.000,Peninsula,Not Reported,12,0,0
273,2020-08-03T00:00:00.000,Piedmont,Female,421,49,7
274,2020-08-03T00:00:00.000,Piedmont,Male,948,67,20
275,2020-08-03T00:00:00.000,Piedmont,Not Reported,4,0,0
276,2020-08-03T00:00:00.000,Pittsylvania-Danville,Female,417,41,7
277,2020-08-03T00:00:00.000,Pittsylvania-Danville,Male,297,24,2
278,2020-08-03T00:00:00.000,Pittsylvania-Danville,Not Reported,5,0,0
279,2020-08-03T00:00:00.000,Portsmouth,Female,828,70,12
280,2020-08-03T00:00:00.000,Portsmouth,Male,709,55,12
281,2020-08-03T00:00:00.000,Portsmouth,Not Reported,3,0,0
282,2020-08-03T00:00:00.000,Prince William,Female,5580,420,86
283,2020-08-03T00:00:00.000,Prince William,Male,5447,534,114
284,2020-08-03T00:00:00.000,Prince William,Not Reported,73,1,0
285,2020-08-03T00:00:00.000,Rappahannock,Female,1757,133,21
286,2020-08-03T00:00:00.000,Rappahannock,Male,1555,155,30
287,2020-08-03T00:00:00.000,Rappahannock,Not Reported,11,1,0
288,2020-08-03T00:00:00.000,Rappahannock Rapidan,Female,938,53,10
289,2020-08-03T00:00:00.000,Rappahannock Rapidan,Male,910,79,16
290,2020-08-03T00:00:00.000,Rappahannock Rapidan,Not Reported,4,0,0
291,2020-08-03T00:00:00.000,Richmond,Female,1489,134,12
292,2020-08-03T00:00:00.000,Richmond,Male,1460,147,25
293,2020-08-03T00:00:00.000,Richmond,Not Reported,43,2,2
294,2020-08-03T00:00:00.000,Roanoke,Female,475,9,7
295,2020-08-03T00:00:00.000,Roanoke,Male,419,10,4
296,2020-08-03T00:00:00.000,Roanoke,Not Reported,15,0,0
297,2020-08-03T00:00:00.000,Southside,Female,345,31,19
298,2020-08-03T00:00:00.000,Southside,Male,313,34,15
299,2020-08-03T00:00:00.000,Southside,Not Reported,4,0,0
300,2020-08-03T00:00:00.000,Thomas Jefferson,Female,955,71,21
301,2020-08-03T00:00:00.000,Thomas Jefferson,Male,836,66,16
302,2020-08-03T00:00:00.000,Thomas Jefferson,Not Reported,2,0,0
303,2020-08-03T00:00:00.000,Three Rivers,Female,346,39,9
304,2020-08-03T00:00:00.000,Three Rivers,Male,625,29,6
305,2020-08-03T00:00:00.000,Three Rivers,Not Reported,21,0,0
306,2020-08-03T00:00:00.000,Virginia Beach,Female,2395,102,22
307,2020-08-03T00:00:00.000,Virginia Beach,Male,2018,106,25
308,2020-08-03T00:00:00.000,Virginia Beach,Not Reported,14,0,0
309,2020-08-03T00:00:00.000,Western Tidewater,Female,1010,60,35
310,2020-08-03T00:00:00.000,Western Tidewater,Male,842,72,42
311,2020-08-03T00:00:00.000,Western Tidewater,Not Reported,1,0,0
312,2020-08-03T00:00:00.000,West Piedmont,Female,540,62,5
313,2020-08-03T00:00:00.000,West Piedmont,Male,413,54,8
314,2020-08-03T00:00:00.000,West Piedmont,Not Reported,4,0,0
315,2020-08-02T00:00:00.000,Alexandria,Female,1451,125,32
316,2020-08-02T00:00:00.000,Alexandria,Male,1361,143,27
317,2020-08-02T00:00:00.000,Alexandria,Not Reported,8,0,0
318,2020-08-02T00:00:00.000,Alleghany,Female,459,14,12
319,2020-08-02T00:00:00.000,Alleghany,Male,390,25,8
320,2020-08-02T00:00:00.000,Alleghany,Not Reported,8,0,0
321,2020-08-02T00:00:00.000,Arlington,Female,1440,194,67
322,2020-08-02T00:00:00.000,Arlington,Male,1480,241,69
323,2020-08-02T00:00:00.000,Arlington,Not Reported,5,0,0
324,2020-08-02T00:00:00.000,Central Shenandoah,Female,1437,105,26
325,2020-08-02T00:00:00.000,Central Shenandoah,Male,1226,101,27
326,2020-08-02T00:00:00.000,Central Shenandoah,Not Reported,1,0,0
327,2020-08-02T00:00:00.000,Central Virginia,Female,571,16,3
328,2020-08-02T00:00:00.000,Central Virginia,Male,518,28,7
329,2020-08-02T00:00:00.000,Central Virginia,Not Reported,4,0,0
330,2020-08-02T00:00:00.000,Chesapeake,Female,1421,110,13
331,2020-08-02T00:00:00.000,Chesapeake,Male,1114,96,16
332,2020-08-02T00:00:00.000,Chesapeake,Not Reported,3,0,0
333,2020-08-02T00:00:00.000,Chesterfield,Female,2131,119,46
334,2020-08-02T00:00:00.000,Chesterfield,Male,2099,124,52
335,2020-08-02T00:00:00.000,Chesterfield,Not Reported,101,0,2
336,2020-08-02T00:00:00.000,Chickahominy,Female,497,64,20
337,2020-08-02T00:00:00.000,Chickahominy,Male,407,65,24
338,2020-08-02T00:00:00.000,Chickahominy,Not Reported,4,0,0
339,2020-08-02T00:00:00.000,Crater,Female,994,109,34
340,2020-08-02T00:00:00.000,Crater,Male,1140,96,27
341,2020-08-02T00:00:00.000,Crater,Not Reported,23,1,0
342,2020-08-02T00:00:00.000,Cumberland Plateau,Female,135,7,0
343,2020-08-02T00:00:00.000,Cumberland Plateau,Male,117,12,1
344,2020-08-02T00:00:00.000,Cumberland Plateau,Not Reported,0,0,0
345,2020-08-02T00:00:00.000,Eastern Shore,Female,687,64,23
346,2020-08-02T00:00:00.000,Eastern Shore,Male,675,59,20
347,2020-08-02T00:00:00.000,Eastern Shore,Not Reported,9,0,0
348,2020-08-02T00:00:00.000,Fairfax,Female,8103,816,262
349,2020-08-02T00:00:00.000,Fairfax,Male,7718,1106,273
350,2020-08-02T00:00:00.000,Fairfax,Not Reported,87,1,1
351,2020-08-02T00:00:00.000,Hampton,Female,588,17,2
352,2020-08-02T00:00:00.000,Hampton,Male,457,32,3
353,2020-08-02T00:00:00.000,Hampton,Not Reported,3,0,0
354,2020-08-02T00:00:00.000,Henrico,Female,1889,149,97
355,2020-08-02T00:00:00.000,Henrico,Male,1701,163,85
356,2020-08-02T00:00:00.000,Henrico,Not Reported,19,0,0
357,2020-08-02T00:00:00.000,Lenowisco,Female,126,15,1
358,2020-08-02T00:00:00.000,Lenowisco,Male,120,17,6
359,2020-08-02T00:00:00.000,Lenowisco,Not Reported,0,0,0
360,2020-08-02T00:00:00.000,Lord Fairfax,Female,1311,102,47
361,2020-08-02T00:00:00.000,Lord Fairfax,Male,1165,114,39
362,2020-08-02T00:00:00.000,Lord Fairfax,Not Reported,8,0,0
363,2020-08-02T00:00:00.000,Loudoun,Female,2517,148,70
364,2020-08-02T00:00:00.000,Loudoun,Male,2490,188,42
365,2020-08-02T00:00:00.000,Loudoun,Not Reported,27,0,0
366,2020-08-02T00:00:00.000,Mount Rogers,Female,655,38,17
367,2020-08-02T00:00:00.000,Mount Rogers,Male,589,79,33
368,2020-08-02T00:00:00.000,Mount Rogers,Not Reported,4,0,0
369,2020-08-02T00:00:00.000,New River,Female,201,9,2
370,2020-08-02T00:00:00.000,New River,Male,234,21,5
371,2020-08-02T00:00:00.000,New River,Not Reported,5,0,0
372,2020-08-02T00:00:00.000,Norfolk,Female,1703,85,12
373,2020-08-02T00:00:00.000,Norfolk,Male,1505,87,14
374,2020-08-02T00:00:00.000,Norfolk,Not Reported,2,0,0
375,2020-08-02T00:00:00.000,Peninsula,Female,1408,78,25
376,2020-08-02T00:00:00.000,Peninsula,Male,1225,83,16
377,2020-08-02T00:00:00.000,Peninsula,Not Reported,12,0,0
378,2020-08-02T00:00:00.000,Piedmont,Female,421,49,7
379,2020-08-02T00:00:00.000,Piedmont,Male,942,67,20
380,2020-08-02T00:00:00.000,Piedmont,Not Reported,5,0,0
381,2020-08-02T00:00:00.000,Pittsylvania-Danville,Female,399,40,7
382,2020-08-02T00:00:00.000,Pittsylvania-Danville,Male,280,23,2
383,2020-08-02T00:00:00.000,Pittsylvania-Danville,Not Reported,5,0,0
384,2020-08-02T00:00:00.000,Portsmouth,Female,828,70,12
385,2020-08-02T00:00:00.000,Portsmouth,Male,708,55,12
386,2020-08-02T00:00:00.000,Portsmouth,Not Reported,3,0,0
387,2020-08-02T00:00:00.000,Prince William,Female,5524,420,86
388,2020-08-02T00:00:00.000,Prince William,Male,5415,530,113
389,2020-08-02T00:00:00.000,Prince William,Not Reported,77,1,0
390,2020-08-02T00:00:00.000,Rappahannock,Female,1733,133,22
391,2020-08-02T00:00:00.000,Rappahannock,Male,1528,154,30
392,2020-08-02T00:00:00.000,Rappahannock,Not Reported,10,1,0
393,2020-08-02T00:00:00.000,Rappahannock Rapidan,Female,931,53,10
394,2020-08-02T00:00:00.000,Rappahannock Rapidan,Male,903,79,16
395,2020-08-02T00:00:00.000,Rappahannock Rapidan,Not Reported,4,0,0
396,2020-08-02T00:00:00.000,Richmond,Female,1466,131,12
397,2020-08-02T00:00:00.000,Richmond,Male,1439,145,25
398,2020-08-02T00:00:00.000,Richmond,Not Reported,41,2,2
399,2020-08-02T00:00:00.000,Roanoke,Female,470,8,7
400,2020-08-02T00:00:00.000,Roanoke,Male,418,10,4
401,2020-08-02T00:00:00.000,Roanoke,Not Reported,15,0,0
402,2020-08-02T00:00:00.000,Southside,Female,339,31,19
403,2020-08-02T00:00:00.000,Southside,Male,307,34,15
404,2020-08-02T00:00:00.000,Southside,Not Reported,4,0,0
405,2020-08-02T00:00:00.000,Thomas Jefferson,Female,930,71,21
406,2020-08-02T00:00:00.000,Thomas Jefferson,Male,817,65,16
407,2020-08-02T00:00:00.000,Thomas Jefferson,Not Reported,2,0,0
408,2020-08-02T00:00:00.000,Three Rivers,Female,339,39,9
409,2020-08-02T00:00:00.000,Three Rivers,Male,622,29,6
410,2020-08-02T00:00:00.000,Three Rivers,Not Reported,21,0,0
411,2020-08-02T00:00:00.000,Virginia Beach,Female,2319,98,22
412,2020-08-02T00:00:00.000,Virginia Beach,Male,1966,104,25
413,2020-08-02T00:00:00.000,Virginia Beach,Not Reported,14,0,0
414,2020-08-02T00:00:00.000,Western Tidewater,Female,973,60,35
415,2020-08-02T00:00:00.000,Western Tidewater,Male,820,72,42
416,2020-08-02T00:00:00.000,Western Tidewater,Not Reported,1,0,0
417,2020-08-02T00:00:00.000,West Piedmont,Female,539,62,5
418,2020-08-02T00:00:00.000,West Piedmont,Male,412,53,8
419,2020-08-02T00:00:00.000,West Piedmont,Not Reported,4,0,0
420,2020-08-01T00:00:00.000,Alexandria,Female,1448,126,32
421,2020-08-01T00:00:00.000,Alexandria,Male,1355,144,27
422,2020-08-01T00:00:00.000,Alexandria,Not Reported,8,0,0
423,2020-08-01T00:00:00.000,Alleghany,Female,446,14,12
424,2020-08-01T00:00:00.000,Alleghany,Male,383,25,8
425,2020-08-01T00:00:00.000,Alleghany,Not Reported,8,0,0
426,2020-08-01T00:00:00.000,Arlington,Female,1434,194,67
427,2020-08-01T00:00:00.000,Arlington,Male,1468,241,69
428,2020-08-01T00:00:00.000,Arlington,Not Reported,4,0,0
429,2020-08-01T00:00:00.000,Central Shenandoah,Female,1426,105,26
430,2020-08-01T00:00:00.000,Central Shenandoah,Male,1223,101,27
431,2020-08-01T00:00:00.000,Central Shenandoah,Not Reported,1,0,0
432,2020-08-01T00:00:00.000,Central Virginia,Female,552,10,3
433,2020-08-01T00:00:00.000,Central Virginia,Male,502,17,7
434,2020-08-01T00:00:00.000,Central Virginia,Not Reported,4,0,0
435,2020-08-01T00:00:00.000,Chesapeake,Female,1378,110,13
436,2020-08-01T00:00:00.000,Chesapeake,Male,1081,94,16
437,2020-08-01T00:00:00.000,Chesapeake,Not Reported,3,0,0
438,2020-08-01T00:00:00.000,Chesterfield,Female,2106,119,46
439,2020-08-01T00:00:00.000,Chesterfield,Male,2065,124,52
440,2020-08-01T00:00:00.000,Chesterfield,Not Reported,100,0,2
441,2020-08-01T00:00:00.000,Chickahominy,Female,495,64,20
442,2020-08-01T00:00:00.000,Chickahominy,Male,406,65,24
443,2020-08-01T00:00:00.000,Chickahominy,Not Reported,4,0,0
444,2020-08-01T00:00:00.000,Crater,Female,985,107,34
445,2020-08-01T00:00:00.000,Crater,Male,1128,96,27
446,2020-08-01T00:00:00.000,Crater,Not Reported,23,1,0
447,2020-08-01T00:00:00.000,Cumberland Plateau,Female,129,5,0
448,2020-08-01T00:00:00.000,Cumberland Plateau,Male,117,12,1
449,2020-08-01T00:00:00.000,Cumberland Plateau,Not Reported,0,0,0
450,2020-08-01T00:00:00.000,Eastern Shore,Female,686,64,23
451,2020-08-01T00:00:00.000,Eastern Shore,Male,674,59,20
452,2020-08-01T00:00:00.000,Eastern Shore,Not Reported,9,0,0
453,2020-08-01T00:00:00.000,Fairfax,Female,8061,815,262
454,2020-08-01T00:00:00.000,Fairfax,Male,7680,1105,272
455,2020-08-01T00:00:00.000,Fairfax,Not Reported,87,1,1
456,2020-08-01T00:00:00.000,Hampton,Female,567,17,2
457,2020-08-01T00:00:00.000,Hampton,Male,439,32,3
458,2020-08-01T00:00:00.000,Hampton,Not Reported,3,0,0
459,2020-08-01T00:00:00.000,Henrico,Female,1885,149,97
460,2020-08-01T00:00:00.000,Henrico,Male,1697,163,85
461,2020-08-01T00:00:00.000,Henrico,Not Reported,19,0,0
462,2020-08-01T00:00:00.000,Lenowisco,Female,125,14,1
463,2020-08-01T00:00:00.000,Lenowisco,Male,120,17,6
464,2020-08-01T00:00:00.000,Lenowisco,Not Reported,0,0,0
465,2020-08-01T00:00:00.000,Lord Fairfax,Female,1305,102,47
466,2020-08-01T00:00:00.000,Lord Fairfax,Male,1162,114,39
467,2020-08-01T00:00:00.000,Lord Fairfax,Not Reported,8,0,0
468,2020-08-01T00:00:00.000,Loudoun,Female,2510,148,70
469,2020-08-01T00:00:00.000,Loudoun,Male,2478,188,42
470,2020-08-01T00:00:00.000,Loudoun,Not Reported,26,0,0
471,2020-08-01T00:00:00.000,Mount Rogers,Female,640,38,17
472,2020-08-01T00:00:00.000,Mount Rogers,Male,576,78,32
473,2020-08-01T00:00:00.000,Mount Rogers,Not Reported,4,0,0
474,2020-08-01T00:00:00.000,New River,Female,197,8,2
475,2020-08-01T00:00:00.000,New River,Male,229,21,5
476,2020-08-01T00:00:00.000,New River,Not Reported,5,0,0
477,2020-08-01T00:00:00.000,Norfolk,Female,1693,84,12
478,2020-08-01T00:00:00.000,Norfolk,Male,1490,86,14
479,2020-08-01T00:00:00.000,Norfolk,Not Reported,2,0,0
480,2020-08-01T00:00:00.000,Peninsula,Female,1376,78,25
481,2020-08-01T00:00:00.000,Peninsula,Male,1195,83,16
482,2020-08-01T00:00:00.000,Peninsula,Not Reported,12,0,0
483,2020-08-01T00:00:00.000,Piedmont,Female,414,49,7
484,2020-08-01T00:00:00.000,Piedmont,Male,932,67,20
485,2020-08-01T00:00:00.000,Piedmont,Not Reported,5,0,0
486,2020-08-01T00:00:00.000,Pittsylvania-Danville,Female,380,38,7
487,2020-08-01T00:00:00.000,Pittsylvania-Danville,Male,258,23,2
488,2020-08-01T00:00:00.000,Pittsylvania-Danville,Not Reported,5,0,0
489,2020-08-01T00:00:00.000,Portsmouth,Female,793,69,12
490,2020-08-01T00:00:00.000,Portsmouth,Male,696,55,12
491,2020-08-01T00:00:00.000,Portsmouth,Not Reported,3,0,0
492,2020-08-01T00:00:00.000,Prince William,Female,5518,418,86
493,2020-08-01T00:00:00.000,Prince William,Male,5401,528,113
494,2020-08-01T00:00:00.000,Prince William,Not Reported,79,1,0
495,2020-08-01T00:00:00.000,Rappahannock,Female,1720,133,22
496,2020-08-01T00:00:00.000,Rappahannock,Male,1516,152,30
497,2020-08-01T00:00:00.000,Rappahannock,Not Reported,10,1,0
498,2020-08-01T00:00:00.000,Rappahannock Rapidan,Female,924,53,10
499,2020-08-01T00:00:00.000,Rappahannock Rapidan,Male,901,79,16
500,2020-08-01T00:00:00.000,Rappahannock Rapidan,Not Reported,4,0,0
501,2020-08-01T00:00:00.000,Richmond,Female,1459,131,12
502,2020-08-01T00:00:00.000,Richmond,Male,1436,145,25
503,2020-08-01T00:00:00.000,Richmond,Not Reported,41,2,2
504,2020-08-01T00:00:00.000,Roanoke,Female,445,8,7
505,2020-08-01T00:00:00.000,Roanoke,Male,402,10,4
506,2020-08-01T00:00:00.000,Roanoke,Not Reported,14,0,0
507,2020-08-01T00:00:00.000,Southside,Female,338,31,19
508,2020-08-01T00:00:00.000,Southside,Male,302,33,15
509,2020-08-01T00:00:00.000,Southside,Not Reported,4,0,0
510,2020-08-01T00:00:00.000,Thomas Jefferson,Female,919,71,21
511,2020-08-01T00:00:00.000,Thomas Jefferson,Male,799,65,16
512,2020-08-01T00:00:00.000,Thomas Jefferson,Not Reported,2,0,0
513,2020-08-01T00:00:00.000,Three Rivers,Female,336,38,9
514,2020-08-01T00:00:00.000,Three Rivers,Male,621,29,6
515,2020-08-01T00:00:00.000,Three Rivers,Not Reported,21,0,0
516,2020-08-01T00:00:00.000,Virginia Beach,Female,2259,97,21
517,2020-08-01T00:00:00.000,Virginia Beach,Male,1906,104,25
518,2020-08-01T00:00:00.000,Virginia Beach,Not Reported,13,0,0
519,2020-08-01T00:00:00.000,Western Tidewater,Female,947,60,35
520,2020-08-01T00:00:00.000,Western Tidewater,Male,798,72,42
521,2020-08-01T00:00:00.000,Western Tidewater,Not Reported,1,0,0
522,2020-08-01T00:00:00.000,West Piedmont,Female,529,61,5
523,2020-08-01T00:00:00.000,West Piedmont,Male,404,49,8
524,2020-08-01T00:00:00.000,West Piedmont,Not Reported,4,0,0
525,2020-07-31T00:00:00.000,Alexandria,Female,1443,126,31
526,2020-07-31T00:00:00.000,Alexandria,Male,1347,143,27
527,2020-07-31T00:00:00.000,Alexandria,Not Reported,8,0,0
528,2020-07-31T00:00:00.000,Alleghany,Female,440,13,11
529,2020-07-31T00:00:00.000,Alleghany,Male,381,24,7
530,2020-07-31T00:00:00.000,Alleghany,Not Reported,8,0,0
531,2020-07-31T00:00:00.000,Arlington,Female,1427,194,67
532,2020-07-31T00:00:00.000,Arlington,Male,1466,240,69
533,2020-07-31T00:00:00.000,Arlington,Not Reported,4,0,0
534,2020-07-31T00:00:00.000,Central Shenandoah,Female,1413,103,25
535,2020-07-31T00:00:00.000,Central Shenandoah,Male,1218,101,27
536,2020-07-31T00:00:00.000,Central Shenandoah,Not Reported,1,0,0
537,2020-07-31T00:00:00.000,Central Virginia,Female,542,10,3
538,2020-07-31T00:00:00.000,Central Virginia,Male,486,17,7
539,2020-07-31T00:00:00.000,Central Virginia,Not Reported,4,0,0
540,2020-07-31T00:00:00.000,Chesapeake,Female,1373,108,13
541,2020-07-31T00:00:00.000,Chesapeake,Male,1074,93,15
542,2020-07-31T00:00:00.000,Chesapeake,Not Reported,3,0,0
543,2020-07-31T00:00:00.000,Chesterfield,Female,2091,117,45
544,2020-07-31T00:00:00.000,Chesterfield,Male,2049,124,50
545,2020-07-31T00:00:00.000,Chesterfield,Not Reported,97,0,2
546,2020-07-31T00:00:00.000,Chickahominy,Female,491,64,20
547,2020-07-31T00:00:00.000,Chickahominy,Male,403,65,22
548,2020-07-31T00:00:00.000,Chickahominy,Not Reported,4,0,0
549,2020-07-31T00:00:00.000,Crater,Female,970,107,33
550,2020-07-31T00:00:00.000,Crater,Male,1120,96,24
551,2020-07-31T00:00:00.000,Crater,Not Reported,23,1,0
552,2020-07-31T00:00:00.000,Cumberland Plateau,Female,125,4,0
553,2020-07-31T00:00:00.000,Cumberland Plateau,Male,115,12,1
554,2020-07-31T00:00:00.000,Cumberland Plateau,Not Reported,0,0,0
555,2020-07-31T00:00:00.000,Eastern Shore,Female,684,64,23
556,2020-07-31T00:00:00.000,Eastern Shore,Male,673,58,20
557,2020-07-31T00:00:00.000,Eastern Shore,Not Reported,9,0,0
558,2020-07-31T00:00:00.000,Fairfax,Female,8024,814,260
559,2020-07-31T00:00:00.000,Fairfax,Male,7644,1105,272
560,2020-07-31T00:00:00.000,Fairfax,Not Reported,87,1,1
561,2020-07-31T00:00:00.000,Hampton,Female,566,17,2
562,2020-07-31T00:00:00.000,Hampton,Male,438,32,3
563,2020-07-31T00:00:00.000,Hampton,Not Reported,3,0,0
564,2020-07-31T00:00:00.000,Henrico,Female,1854,147,96
565,2020-07-31T00:00:00.000,Henrico,Male,1671,163,84
566,2020-07-31T00:00:00.000,Henrico,Not Reported,16,0,0
567,2020-07-31T00:00:00.000,Lenowisco,Female,121,13,1
568,2020-07-31T00:00:00.000,Lenowisco,Male,111,16,6
569,2020-07-31T00:00:00.000,Lenowisco,Not Reported,0,0,0
570,2020-07-31T00:00:00.000,Lord Fairfax,Female,1292,101,47
571,2020-07-31T00:00:00.000,Lord Fairfax,Male,1156,113,37
572,2020-07-31T00:00:00.000,Lord Fairfax,Not Reported,8,0,0
573,2020-07-31T00:00:00.000,Loudoun,Female,2500,147,69
574,2020-07-31T00:00:00.000,Loudoun,Male,2468,188,41
575,2020-07-31T00:00:00.000,Loudoun,Not Reported,27,0,0
576,2020-07-31T00:00:00.000,Mount Rogers,Female,633,38,17
577,2020-07-31T00:00:00.000,Mount Rogers,Male,571,78,30
578,2020-07-31T00:00:00.000,Mount Rogers,Not Reported,3,0,0
579,2020-07-31T00:00:00.000,New River,Female,194,8,2
580,2020-07-31T00:00:00.000,New River,Male,230,21,5
581,2020-07-31T00:00:00.000,New River,Not Reported,5,0,0
582,2020-07-31T00:00:00.000,Norfolk,Female,1691,84,11
583,2020-07-31T00:00:00.000,Norfolk,Male,1487,84,13
584,2020-07-31T00:00:00.000,Norfolk,Not Reported,2,0,0
585,2020-07-31T00:00:00.000,Peninsula,Female,1359,78,25
586,2020-07-31T00:00:00.000,Peninsula,Male,1185,83,16
587,2020-07-31T00:00:00.000,Peninsula,Not Reported,11,0,0
588,2020-07-31T00:00:00.000,Piedmont,Female,411,49,7
589,2020-07-31T00:00:00.000,Piedmont,Male,914,67,19
590,2020-07-31T00:00:00.000,Piedmont,Not Reported,5,0,0
591,2020-07-31T00:00:00.000,Pittsylvania-Danville,Female,362,37,5
592,2020-07-31T00:00:00.000,Pittsylvania-Danville,Male,249,23,2
593,2020-07-31T00:00:00.000,Pittsylvania-Danville,Not Reported,5,0,0
594,2020-07-31T00:00:00.000,Portsmouth,Female,780,69,12
595,2020-07-31T00:00:00.000,Portsmouth,Male,679,53,10
596,2020-07-31T00:00:00.000,Portsmouth,Not Reported,3,0,0
597,2020-07-31T00:00:00.000,Prince William,Female,5488,416,86
598,2020-07-31T00:00:00.000,Prince William,Male,5372,525,111
599,2020-07-31T00:00:00.000,Prince William,Not Reported,79,1,0
600,2020-07-31T00:00:00.000,Rappahannock,Female,1696,133,21
601,2020-07-31T00:00:00.000,Rappahannock,Male,1496,150,29
602,2020-07-31T00:00:00.000,Rappahannock,Not Reported,9,1,0
603,2020-07-31T00:00:00.000,Rappahannock Rapidan,Female,920,53,10
604,2020-07-31T00:00:00.000,Rappahannock Rapidan,Male,897,79,16
605,2020-07-31T00:00:00.000,Rappahannock Rapidan,Not Reported,3,0,0
606,2020-07-31T00:00:00.000,Richmond,Female,1434,130,12
607,2020-07-31T00:00:00.000,Richmond,Male,1419,144,25
608,2020-07-31T00:00:00.000,Richmond,Not Reported,40,2,2
609,2020-07-31T00:00:00.000,Roanoke,Female,423,8,7
610,2020-07-31T00:00:00.000,Roanoke,Male,377,10,4
611,2020-07-31T00:00:00.000,Roanoke,Not Reported,14,0,0
612,2020-07-31T00:00:00.000,Southside,Female,332,31,19
613,2020-07-31T00:00:00.000,Southside,Male,294,33,15
614,2020-07-31T00:00:00.000,Southside,Not Reported,4,0,0
615,2020-07-31T00:00:00.000,Thomas Jefferson,Female,916,71,18
616,2020-07-31T00:00:00.000,Thomas Jefferson,Male,787,65,16
617,2020-07-31T00:00:00.000,Thomas Jefferson,Not Reported,2,0,0
618,2020-07-31T00:00:00.000,Three Rivers,Female,327,37,9
619,2020-07-31T00:00:00.000,Three Rivers,Male,619,29,6
620,2020-07-31T00:00:00.000,Three Rivers,Not Reported,21,0,0
621,2020-07-31T00:00:00.000,Virginia Beach,Female,2183,97,20
622,2020-07-31T00:00:00.000,Virginia Beach,Male,1859,103,25
623,2020-07-31T00:00:00.000,Virginia Beach,Not Reported,13,0,0
624,2020-07-31T00:00:00.000,Western Tidewater,Female,931,60,34
625,2020-07-31T00:00:00.000,Western Tidewater,Male,780,71,42
626,2020-07-31T00:00:00.000,Western Tidewater,Not Reported,1,0,0
627,2020-07-31T00:00:00.000,West Piedmont,Female,507,59,4
628,2020-07-31T00:00:00.000,West Piedmont,Male,384,45,8
629,2020-07-31T00:00:00.000,West Piedmont,Not Reported,4,0,0
630,2020-07-30T00:00:00.000,Alexandria,Female,1432,124,30
631,2020-07-30T00:00:00.000,Alexandria,Male,1339,142,27
632,2020-07-30T00:00:00.000,Alexandria,Not Reported,8,0,0
633,2020-07-30T00:00:00.000,Alleghany,Female,434,13,11
634,2020-07-30T00:00:00.000,Alleghany,Male,377,24,7
635,2020-07-30T00:00:00.000,Alleghany,Not Reported,8,0,0
636,2020-07-30T00:00:00.000,Arlington,Female,1415,193,66
637,2020-07-30T00:00:00.000,Arlington,Male,1455,240,69
638,2020-07-30T00:00:00.000,Arlington,Not Reported,4,0,0
639,2020-07-30T00:00:00.000,Central Shenandoah,Female,1403,103,25
640,2020-07-30T00:00:00.000,Central Shenandoah,Male,1212,100,27
641,2020-07-30T00:00:00.000,Central Shenandoah,Not Reported,3,0,0
642,2020-07-30T00:00:00.000,Central Virginia,Female,500,10,3
643,2020-07-30T00:00:00.000,Central Virginia,Male,454,15,6
644,2020-07-30T00:00:00.000,Central Virginia,Not Reported,3,0,0
645,2020-07-30T00:00:00.000,Chesapeake,Female,1345,107,13
646,2020-07-30T00:00:00.000,Chesapeake,Male,1044,92,14
647,2020-07-30T00:00:00.000,Chesapeake,Not Reported,2,0,0
648,2020-07-30T00:00:00.000,Chesterfield,Female,2057,117,45
649,2020-07-30T00:00:00.000,Chesterfield,Male,2021,124,50
650,2020-07-30T00:00:00.000,Chesterfield,Not Reported,96,0,1
651,2020-07-30T00:00:00.000,Chickahominy,Female,486,63,20
652,2020-07-30T00:00:00.000,Chickahominy,Male,402,61,21
653,2020-07-30T00:00:00.000,Chickahominy,Not Reported,4,0,0
654,2020-07-30T00:00:00.000,Crater,Female,958,106,32
655,2020-07-30T00:00:00.000,Crater,Male,1111,96,23
656,2020-07-30T00:00:00.000,Crater,Not Reported,23,1,0
657,2020-07-30T00:00:00.000,Cumberland Plateau,Female,119,4,0
658,2020-07-30T00:00:00.000,Cumberland Plateau,Male,112,12,1
659,2020-07-30T00:00:00.000,Cumberland Plateau,Not Reported,0,0,0
660,2020-07-30T00:00:00.000,Eastern Shore,Female,684,64,23
661,2020-07-30T00:00:00.000,Eastern Shore,Male,673,58,20
662,2020-07-30T00:00:00.000,Eastern Shore,Not Reported,9,0,0
663,2020-07-30T00:00:00.000,Fairfax,Female,8021,803,260
664,2020-07-30T00:00:00.000,Fairfax,Male,7640,1088,271
665,2020-07-30T00:00:00.000,Fairfax,Not Reported,87,1,1
666,2020-07-30T00:00:00.000,Hampton,Female,549,17,2
667,2020-07-30T00:00:00.000,Hampton,Male,421,32,3
668,2020-07-30T00:00:00.000,Hampton,Not Reported,3,0,0
669,2020-07-30T00:00:00.000,Henrico,Female,1833,145,95
670,2020-07-30T00:00:00.000,Henrico,Male,1662,163,83
671,2020-07-30T00:00:00.000,Henrico,Not Reported,14,0,0
672,2020-07-30T00:00:00.000,Lenowisco,Female,117,13,1
673,2020-07-30T00:00:00.000,Lenowisco,Male,101,16,5
674,2020-07-30T00:00:00.000,Lenowisco,Not Reported,0,0,0
675,2020-07-30T00:00:00.000,Lord Fairfax,Female,1287,100,46
676,2020-07-30T00:00:00.000,Lord Fairfax,Male,1152,113,36
677,2020-07-30T00:00:00.000,Lord Fairfax,Not Reported,7,0,0
678,2020-07-30T00:00:00.000,Loudoun,Female,2495,145,69
679,2020-07-30T00:00:00.000,Loudoun,Male,2462,186,40
680,2020-07-30T00:00:00.000,Loudoun,Not Reported,28,0,0
681,2020-07-30T00:00:00.000,Mount Rogers,Female,622,37,17
682,2020-07-30T00:00:00.000,Mount Rogers,Male,554,75,25
683,2020-07-30T00:00:00.000,Mount Rogers,Not Reported,3,0,0
684,2020-07-30T00:00:00.000,New River,Female,188,8,2
685,2020-07-30T00:00:00.000,New River,Male,223,21,5
686,2020-07-30T00:00:00.000,New River,Not Reported,4,0,0
687,2020-07-30T00:00:00.000,Norfolk,Female,1640,83,10
688,2020-07-30T00:00:00.000,Norfolk,Male,1439,82,12
689,2020-07-30T00:00:00.000,Norfolk,Not Reported,1,0,0
690,2020-07-30T00:00:00.000,Peninsula,Female,1331,77,25
691,2020-07-30T00:00:00.000,Peninsula,Male,1168,81,16
692,2020-07-30T00:00:00.000,Peninsula,Not Reported,10,0,0
693,2020-07-30T00:00:00.000,Piedmont,Female,406,49,7
694,2020-07-30T00:00:00.000,Piedmont,Male,889,67,18
695,2020-07-30T00:00:00.000,Piedmont,Not Reported,5,0,0
696,2020-07-30T00:00:00.000,Pittsylvania-Danville,Female,352,37,5
697,2020-07-30T00:00:00.000,Pittsylvania-Danville,Male,243,23,2
698,2020-07-30T00:00:00.000,Pittsylvania-Danville,Not Reported,5,0,0
699,2020-07-30T00:00:00.000,Portsmouth,Female,752,69,12
700,2020-07-30T00:00:00.000,Portsmouth,Male,662,53,10
701,2020-07-30T00:00:00.000,Portsmouth,Not Reported,3,0,0
702,2020-07-30T00:00:00.000,Prince William,Female,5456,413,85
703,2020-07-30T00:00:00.000,Prince William,Male,5338,524,111
704,2020-07-30T00:00:00.000,Prince William,Not Reported,81,1,0
705,2020-07-30T00:00:00.000,Rappahannock,Female,1678,132,21
706,2020-07-30T00:00:00.000,Rappahannock,Male,1485,150,29
707,2020-07-30T00:00:00.000,Rappahannock,Not Reported,10,1,0
708,2020-07-30T00:00:00.000,Rappahannock Rapidan,Female,915,53,10
709,2020-07-30T00:00:00.000,Rappahannock Rapidan,Male,895,78,16
710,2020-07-30T00:00:00.000,Rappahannock Rapidan,Not Reported,2,0,0
711,2020-07-30T00:00:00.000,Richmond,Female,1415,129,11
712,2020-07-30T00:00:00.000,Richmond,Male,1400,142,25
713,2020-07-30T00:00:00.000,Richmond,Not Reported,42,2,2
714,2020-07-30T00:00:00.000,Roanoke,Female,419,8,7
715,2020-07-30T00:00:00.000,Roanoke,Male,372,10,3
716,2020-07-30T00:00:00.000,Roanoke,Not Reported,14,0,0
717,2020-07-30T00:00:00.000,Southside,Female,332,31,19
718,2020-07-30T00:00:00.000,Southside,Male,294,32,14
719,2020-07-30T00:00:00.000,Southside,Not Reported,4,0,0
720,2020-07-30T00:00:00.000,Thomas Jefferson,Female,902,70,16
721,2020-07-30T00:00:00.000,Thomas Jefferson,Male,782,65,15
722,2020-07-30T00:00:00.000,Thomas Jefferson,Not Reported,1,0,0
723,2020-07-30T00:00:00.000,Three Rivers,Female,327,37,9
724,2020-07-30T00:00:00.000,Three Rivers,Male,616,29,6
725,2020-07-30T00:00:00.000,Three Rivers,Not Reported,21,0,0
726,2020-07-30T00:00:00.000,Virginia Beach,Female,2149,94,20
727,2020-07-30T00:00:00.000,Virginia Beach,Male,1817,99,23
728,2020-07-30T00:00:00.000,Virginia Beach,Not Reported,13,0,0
729,2020-07-30T00:00:00.000,Western Tidewater,Female,906,60,34
730,2020-07-30T00:00:00.000,Western Tidewater,Male,763,70,41
731,2020-07-30T00:00:00.000,Western Tidewater,Not Reported,1,0,0
732,2020-07-30T00:00:00.000,West Piedmont,Female,496,59,4
733,2020-07-30T00:00:00.000,West Piedmont,Male,382,44,8
734,2020-07-30T00:00:00.000,West Piedmont,Not Reported,4,0,0
735,2020-07-29T00:00:00.000,Alexandria,Female,1423,124,30
736,2020-07-29T00:00:00.000,Alexandria,Male,1328,142,27
737,2020-07-29T00:00:00.000,Alexandria,Not Reported,8,0,0
738,2020-07-29T00:00:00.000,Alleghany,Female,430,13,10
739,2020-07-29T00:00:00.000,Alleghany,Male,368,24,6
740,2020-07-29T00:00:00.000,Alleghany,Not Reported,8,0,0
741,2020-07-29T00:00:00.000,Arlington,Female,1405,192,66
742,2020-07-29T00:00:00.000,Arlington,Male,1448,239,69
743,2020-07-29T00:00:00.000,Arlington,Not Reported,4,0,0
744,2020-07-29T00:00:00.000,Central Shenandoah,Female,1401,103,25
745,2020-07-29T00:00:00.000,Central Shenandoah,Male,1205,99,26
746,2020-07-29T00:00:00.000,Central Shenandoah,Not Reported,3,0,0
747,2020-07-29T00:00:00.000,Central Virginia,Female,490,10,3
748,2020-07-29T00:00:00.000,Central Virginia,Male,451,14,6
749,2020-07-29T00:00:00.000,Central Virginia,Not Reported,3,0,0
750,2020-07-29T00:00:00.000,Chesapeake,Female,1323,107,13
751,2020-07-29T00:00:00.000,Chesapeake,Male,1023,92,14
752,2020-07-29T00:00:00.000,Chesapeake,Not Reported,2,0,0
753,2020-07-29T00:00:00.000,Chesterfield,Female,2030,117,45
754,2020-07-29T00:00:00.000,Chesterfield,Male,2000,122,48
755,2020-07-29T00:00:00.000,Chesterfield,Not Reported,92,0,0
756,2020-07-29T00:00:00.000,Chickahominy,Female,482,63,20
757,2020-07-29T00:00:00.000,Chickahominy,Male,400,61,21
758,2020-07-29T00:00:00.000,Chickahominy,Not Reported,4,0,0
759,2020-07-29T00:00:00.000,Crater,Female,948,105,32
760,2020-07-29T00:00:00.000,Crater,Male,1097,96,23
761,2020-07-29T00:00:00.000,Crater,Not Reported,22,1,0
762,2020-07-29T00:00:00.000,Cumberland Plateau,Female,116,3,0
763,2020-07-29T00:00:00.000,Cumberland Plateau,Male,108,12,1
764,2020-07-29T00:00:00.000,Cumberland Plateau,Not Reported,0,0,0
765,2020-07-29T00:00:00.000,Eastern Shore,Female,686,64,23
766,2020-07-29T00:00:00.000,Eastern Shore,Male,674,58,20
767,2020-07-29T00:00:00.000,Eastern Shore,Not Reported,9,0,0
768,2020-07-29T00:00:00.000,Fairfax,Female,7988,803,260
769,2020-07-29T00:00:00.000,Fairfax,Male,7627,1083,271
770,2020-07-29T00:00:00.000,Fairfax,Not Reported,88,1,1
771,2020-07-29T00:00:00.000,Hampton,Female,541,17,1
772,2020-07-29T00:00:00.000,Hampton,Male,419,32,3
773,2020-07-29T00:00:00.000,Hampton,Not Reported,3,0,0
774,2020-07-29T00:00:00.000,Henrico,Female,1813,144,94
775,2020-07-29T00:00:00.000,Henrico,Male,1639,162,83
776,2020-07-29T00:00:00.000,Henrico,Not Reported,14,0,0
777,2020-07-29T00:00:00.000,Lenowisco,Female,113,13,1
778,2020-07-29T00:00:00.000,Lenowisco,Male,99,16,5
779,2020-07-29T00:00:00.000,Lenowisco,Not Reported,0,0,0
780,2020-07-29T00:00:00.000,Lord Fairfax,Female,1284,100,46
781,2020-07-29T00:00:00.000,Lord Fairfax,Male,1148,113,36
782,2020-07-29T00:00:00.000,Lord Fairfax,Not Reported,7,0,0
783,2020-07-29T00:00:00.000,Loudoun,Female,2488,142,69
784,2020-07-29T00:00:00.000,Loudoun,Male,2450,186,40
785,2020-07-29T00:00:00.000,Loudoun,Not Reported,27,0,0
786,2020-07-29T00:00:00.000,Mount Rogers,Female,613,37,17
787,2020-07-29T00:00:00.000,Mount Rogers,Male,541,70,24
788,2020-07-29T00:00:00.000,Mount Rogers,Not Reported,3,0,0
789,2020-07-29T00:00:00.000,New River,Female,186,8,2
790,2020-07-29T00:00:00.000,New River,Male,220,21,5
791,2020-07-29T00:00:00.000,New River,Not Reported,5,0,0
792,2020-07-29T00:00:00.000,Norfolk,Female,1560,82,10
793,2020-07-29T00:00:00.000,Norfolk,Male,1375,82,12
794,2020-07-29T00:00:00.000,Norfolk,Not Reported,2,0,0
795,2020-07-29T00:00:00.000,Peninsula,Female,1314,77,24
796,2020-07-29T00:00:00.000,Peninsula,Male,1149,81,16
797,2020-07-29T00:00:00.000,Peninsula,Not Reported,10,0,0
798,2020-07-29T00:00:00.000,Piedmont,Female,403,49,6
799,2020-07-29T00:00:00.000,Piedmont,Male,876,67,16
800,2020-07-29T00:00:00.000,Piedmont,Not Reported,5,0,0
801,2020-07-29T00:00:00.000,Pittsylvania-Danville,Female,338,35,5
802,2020-07-29T00:00:00.000,Pittsylvania-Danville,Male,231,23,1
803,2020-07-29T00:00:00.000,Pittsylvania-Danville,Not Reported,5,0,0
804,2020-07-29T00:00:00.000,Portsmouth,Female,739,65,12
805,2020-07-29T00:00:00.000,Portsmouth,Male,648,49,9
806,2020-07-29T00:00:00.000,Portsmouth,Not Reported,3,0,0
807,2020-07-29T00:00:00.000,Prince William,Female,5419,412,85
808,2020-07-29T00:00:00.000,Prince William,Male,5307,524,110
809,2020-07-29T00:00:00.000,Prince William,Not Reported,77,1,0
810,2020-07-29T00:00:00.000,Rappahannock,Female,1663,132,21
811,2020-07-29T00:00:00.000,Rappahannock,Male,1462,149,29
812,2020-07-29T00:00:00.000,Rappahannock,Not Reported,9,1,0
813,2020-07-29T00:00:00.000,Rappahannock Rapidan,Female,915,52,10
814,2020-07-29T00:00:00.000,Rappahannock Rapidan,Male,890,78,16
815,2020-07-29T00:00:00.000,Rappahannock Rapidan,Not Reported,1,0,0
816,2020-07-29T00:00:00.000,Richmond,Female,1397,125,11
817,2020-07-29T00:00:00.000,Richmond,Male,1392,143,26
818,2020-07-29T00:00:00.000,Richmond,Not Reported,42,2,2
819,2020-07-29T00:00:00.000,Roanoke,Female,406,7,7
820,2020-07-29T00:00:00.000,Roanoke,Male,360,10,3
821,2020-07-29T00:00:00.000,Roanoke,Not Reported,14,0,0
822,2020-07-29T00:00:00.000,Southside,Female,328,31,19
823,2020-07-29T00:00:00.000,Southside,Male,287,31,14
824,2020-07-29T00:00:00.000,Southside,Not Reported,4,0,0
825,2020-07-29T00:00:00.000,Thomas Jefferson,Female,889,70,15
826,2020-07-29T00:00:00.000,Thomas Jefferson,Male,779,65,15
827,2020-07-29T00:00:00.000,Thomas Jefferson,Not Reported,1,0,0
828,2020-07-29T00:00:00.000,Three Rivers,Female,320,37,9
829,2020-07-29T00:00:00.000,Three Rivers,Male,615,29,6
830,2020-07-29T00:00:00.000,Three Rivers,Not Reported,21,0,0
831,2020-07-29T00:00:00.000,Virginia Beach,Female,2107,94,20
832,2020-07-29T00:00:00.000,Virginia Beach,Male,1788,98,23
833,2020-07-29T00:00:00.000,Virginia Beach,Not Reported,13,0,0
834,2020-07-29T00:00:00.000,Western Tidewater,Female,899,60,34
835,2020-07-29T00:00:00.000,Western Tidewater,Male,751,70,41
836,2020-07-29T00:00:00.000,Western Tidewater,Not Reported,1,0,0
837,2020-07-29T00:00:00.000,West Piedmont,Female,485,56,4
838,2020-07-29T00:00:00.000,West Piedmont,Male,382,42,8
839,2020-07-29T00:00:00.000,West Piedmont,Not Reported,4,0,0
840,2020-07-28T00:00:00.000,Alexandria,Female,1419,124,30
841,2020-07-28T00:00:00.000,Alexandria,Male,1323,142,27
842,2020-07-28T00:00:00.000,Alexandria,Not Reported,7,0,0
843,2020-07-28T00:00:00.000,Alleghany,Female,425,13,10
844,2020-07-28T00:00:00.000,Alleghany,Male,361,24,5
845,2020-07-28T00:00:00.000,Alleghany,Not Reported,7,0,0
846,2020-07-28T00:00:00.000,Arlington,Female,1399,192,66
847,2020-07-28T00:00:00.000,Arlington,Male,1441,239,69
848,2020-07-28T00:00:00.000,Arlington,Not Reported,3,0,0
849,2020-07-28T00:00:00.000,Central Shenandoah,Female,1393,103,25
850,2020-07-28T00:00:00.000,Central Shenandoah,Male,1198,99,25
851,2020-07-28T00:00:00.000,Central Shenandoah,Not Reported,3,0,0
852,2020-07-28T00:00:00.000,Central Virginia,Female,464,9,2
853,2020-07-28T00:00:00.000,Central Virginia,Male,426,12,4
854,2020-07-28T00:00:00.000,Central Virginia,Not Reported,0,0,0
855,2020-07-28T00:00:00.000,Chesapeake,Female,1275,107,12
856,2020-07-28T00:00:00.000,Chesapeake,Male,999,88,14
857,2020-07-28T00:00:00.000,Chesapeake,Not Reported,2,0,0
858,2020-07-28T00:00:00.000,Chesterfield,Female,2008,117,45
859,2020-07-28T00:00:00.000,Chesterfield,Male,1987,121,45
860,2020-07-28T00:00:00.000,Chesterfield,Not Reported,92,0,0
861,2020-07-28T00:00:00.000,Chickahominy,Female,480,63,20
862,2020-07-28T00:00:00.000,Chickahominy,Male,397,60,21
863,2020-07-28T00:00:00.000,Chickahominy,Not Reported,3,0,0
864,2020-07-28T00:00:00.000,Crater,Female,941,105,30
865,2020-07-28T00:00:00.000,Crater,Male,1096,95,22
866,2020-07-28T00:00:00.000,Crater,Not Reported,20,1,0
867,2020-07-28T00:00:00.000,Cumberland Plateau,Female,107,3,0
868,2020-07-28T00:00:00.000,Cumberland Plateau,Male,102,10,1
869,2020-07-28T00:00:00.000,Cumberland Plateau,Not Reported,0,0,0
870,2020-07-28T00:00:00.000,Eastern Shore,Female,686,63,23
871,2020-07-28T00:00:00.000,Eastern Shore,Male,672,58,20
872,2020-07-28T00:00:00.000,Eastern Shore,Not Reported,9,0,0
873,2020-07-28T00:00:00.000,Fairfax,Female,7958,799,260
874,2020-07-28T00:00:00.000,Fairfax,Male,7593,1078,271
875,2020-07-28T00:00:00.000,Fairfax,Not Reported,88,1,1
876,2020-07-28T00:00:00.000,Hampton,Female,528,16,1
877,2020-07-28T00:00:00.000,Hampton,Male,407,32,3
878,2020-07-28T00:00:00.000,Hampton,Not Reported,3,0,0
879,2020-07-28T00:00:00.000,Henrico,Female,1794,143,95
880,2020-07-28T00:00:00.000,Henrico,Male,1629,161,83
881,2020-07-28T00:00:00.000,Henrico,Not Reported,13,0,0
882,2020-07-28T00:00:00.000,Lenowisco,Female,106,12,1
883,2020-07-28T00:00:00.000,Lenowisco,Male,95,16,5
884,2020-07-28T00:00:00.000,Lenowisco,Not Reported,0,0,0
885,2020-07-28T00:00:00.000,Lord Fairfax,Female,1278,97,46
886,2020-07-28T00:00:00.000,Lord Fairfax,Male,1146,113,36
887,2020-07-28T00:00:00.000,Lord Fairfax,Not Reported,7,0,0
888,2020-07-28T00:00:00.000,Loudoun,Female,2476,142,68
889,2020-07-28T00:00:00.000,Loudoun,Male,2438,186,40
890,2020-07-28T00:00:00.000,Loudoun,Not Reported,25,0,0
891,2020-07-28T00:00:00.000,Mount Rogers,Female,603,38,16
892,2020-07-28T00:00:00.000,Mount Rogers,Male,526,66,24
893,2020-07-28T00:00:00.000,Mount Rogers,Not Reported,2,0,0
894,2020-07-28T00:00:00.000,New River,Female,185,8,1
895,2020-07-28T00:00:00.000,New River,Male,217,20,5
896,2020-07-28T00:00:00.000,New River,Not Reported,5,0,0
897,2020-07-28T00:00:00.000,Norfolk,Female,1503,80,8
898,2020-07-28T00:00:00.000,Norfolk,Male,1309,82,12
899,2020-07-28T00:00:00.000,Norfolk,Not Reported,2,0,0
900,2020-07-28T00:00:00.000,Peninsula,Female,1293,77,24
901,2020-07-28T00:00:00.000,Peninsula,Male,1130,81,16
902,2020-07-28T00:00:00.000,Peninsula,Not Reported,10,0,0
903,2020-07-28T00:00:00.000,Piedmont,Female,402,49,5
904,2020-07-28T00:00:00.000,Piedmont,Male,871,67,14
905,2020-07-28T00:00:00.000,Piedmont,Not Reported,5,0,0
906,2020-07-28T00:00:00.000,Pittsylvania-Danville,Female,331,35,4
907,2020-07-28T00:00:00.000,Pittsylvania-Danville,Male,225,23,1
908,2020-07-28T00:00:00.000,Pittsylvania-Danville,Not Reported,5,0,0
909,2020-07-28T00:00:00.000,Portsmouth,Female,723,63,12
910,2020-07-28T00:00:00.000,Portsmouth,Male,641,48,9
911,2020-07-28T00:00:00.000,Portsmouth,Not Reported,3,0,0
912,2020-07-28T00:00:00.000,Prince William,Female,5387,410,84
913,2020-07-28T00:00:00.000,Prince William,Male,5276,523,110
914,2020-07-28T00:00:00.000,Prince William,Not Reported,72,1,0
915,2020-07-28T00:00:00.000,Rappahannock,Female,1644,132,21
916,2020-07-28T00:00:00.000,Rappahannock,Male,1448,149,29
917,2020-07-28T00:00:00.000,Rappahannock,Not Reported,7,1,0
918,2020-07-28T00:00:00.000,Rappahannock Rapidan,Female,914,52,10
919,2020-07-28T00:00:00.000,Rappahannock Rapidan,Male,885,78,16
920,2020-07-28T00:00:00.000,Rappahannock Rapidan,Not Reported,0,0,0
921,2020-07-28T00:00:00.000,Richmond,Female,1375,123,9
922,2020-07-28T00:00:00.000,Richmond,Male,1379,141,26
923,2020-07-28T00:00:00.000,Richmond,Not Reported,40,2,2
924,2020-07-28T00:00:00.000,Roanoke,Female,380,7,7
925,2020-07-28T00:00:00.000,Roanoke,Male,345,9,3
926,2020-07-28T00:00:00.000,Roanoke,Not Reported,14,0,0
927,2020-07-28T00:00:00.000,Southside,Female,324,31,19
928,2020-07-28T00:00:00.000,Southside,Male,279,31,13
929,2020-07-28T00:00:00.000,Southside,Not Reported,4,0,0
930,2020-07-28T00:00:00.000,Thomas Jefferson,Female,885,69,15
931,2020-07-28T00:00:00.000,Thomas Jefferson,Male,777,64,15
932,2020-07-28T00:00:00.000,Thomas Jefferson,Not Reported,1,0,0
933,2020-07-28T00:00:00.000,Three Rivers,Female,320,37,9
934,2020-07-28T00:00:00.000,Three Rivers,Male,615,29,4
935,2020-07-28T00:00:00.000,Three Rivers,Not Reported,21,0,0
936,2020-07-28T00:00:00.000,Virginia Beach,Female,2039,94,20
937,2020-07-28T00:00:00.000,Virginia Beach,Male,1736,97,23
938,2020-07-28T00:00:00.000,Virginia Beach,Not Reported,13,0,0
939,2020-07-28T00:00:00.000,Western Tidewater,Female,893,59,33
940,2020-07-28T00:00:00.000,Western Tidewater,Male,737,70,39
941,2020-07-28T00:00:00.000,Western Tidewater,Not Reported,1,0,0
942,2020-07-28T00:00:00.000,West Piedmont,Female,480,54,4
943,2020-07-28T00:00:00.000,West Piedmont,Male,379,42,7
944,2020-07-28T00:00:00.000,West Piedmont,Not Reported,4,0,0
945,2020-07-27T00:00:00.000,Alexandria,Female,1408,124,30
946,2020-07-27T00:00:00.000,Alexandria,Male,1319,142,27
947,2020-07-27T00:00:00.000,Alexandria,Not Reported,8,0,0
948,2020-07-27T00:00:00.000,Alleghany,Female,425,13,10
949,2020-07-27T00:00:00.000,Alleghany,Male,361,24,5
950,2020-07-27T00:00:00.000,Alleghany,Not Reported,7,0,0
951,2020-07-27T00:00:00.000,Arlington,Female,1389,192,66
952,2020-07-27T00:00:00.000,Arlington,Male,1430,239,69
953,2020-07-27T00:00:00.000,Arlington,Not Reported,4,0,0
954,2020-07-27T00:00:00.000,Central Shenandoah,Female,1381,100,25
955,2020-07-27T00:00:00.000,Central Shenandoah,Male,1188,99,25
956,2020-07-27T00:00:00.000,Central Shenandoah,Not Reported,2,0,0
957,2020-07-27T00:00:00.000,Central Virginia,Female,445,8,2
958,2020-07-27T00:00:00.000,Central Virginia,Male,411,11,4
959,2020-07-27T00:00:00.000,Central Virginia,Not Reported,0,0,0
960,2020-07-27T00:00:00.000,Chesapeake,Female,1261,105,12
961,2020-07-27T00:00:00.000,Chesapeake,Male,982,86,13
962,2020-07-27T00:00:00.000,Chesapeake,Not Reported,3,0,0
963,2020-07-27T00:00:00.000,Chesterfield,Female,1991,117,45
964,2020-07-27T00:00:00.000,Chesterfield,Male,1963,119,45
965,2020-07-27T00:00:00.000,Chesterfield,Not Reported,97,0,0
966,2020-07-27T00:00:00.000,Chickahominy,Female,476,63,20
967,2020-07-27T00:00:00.000,Chickahominy,Male,395,59,20
968,2020-07-27T00:00:00.000,Chickahominy,Not Reported,4,0,0
969,2020-07-27T00:00:00.000,Crater,Female,923,103,29
970,2020-07-27T00:00:00.000,Crater,Male,1080,94,21
971,2020-07-27T00:00:00.000,Crater,Not Reported,21,1,0
972,2020-07-27T00:00:00.000,Cumberland Plateau,Female,101,3,0
973,2020-07-27T00:00:00.000,Cumberland Plateau,Male,97,10,1
974,2020-07-27T00:00:00.000,Cumberland Plateau,Not Reported,0,0,0
975,2020-07-27T00:00:00.000,Eastern Shore,Female,684,63,23
976,2020-07-27T00:00:00.000,Eastern Shore,Male,669,58,20
977,2020-07-27T00:00:00.000,Eastern Shore,Not Reported,9,0,0
978,2020-07-27T00:00:00.000,Fairfax,Female,7926,794,258
979,2020-07-27T00:00:00.000,Fairfax,Male,7564,1079,271
980,2020-07-27T00:00:00.000,Fairfax,Not Reported,96,2,1
981,2020-07-27T00:00:00.000,Hampton,Female,516,16,1
982,2020-07-27T00:00:00.000,Hampton,Male,397,32,3
983,2020-07-27T00:00:00.000,Hampton,Not Reported,3,0,0
984,2020-07-27T00:00:00.000,Henrico,Female,1770,141,95
985,2020-07-27T00:00:00.000,Henrico,Male,1584,161,83
986,2020-07-27T00:00:00.000,Henrico,Not Reported,17,1,0
987,2020-07-27T00:00:00.000,Lenowisco,Female,105,12,1
988,2020-07-27T00:00:00.000,Lenowisco,Male,93,16,5
989,2020-07-27T00:00:00.000,Lenowisco,Not Reported,0,0,0
990,2020-07-27T00:00:00.000,Lord Fairfax,Female,1273,97,46
991,2020-07-27T00:00:00.000,Lord Fairfax,Male,1146,113,36
992,2020-07-27T00:00:00.000,Lord Fairfax,Not Reported,8,0,0
993,2020-07-27T00:00:00.000,Loudoun,Female,2464,142,67
994,2020-07-27T00:00:00.000,Loudoun,Male,2426,185,39
995,2020-07-27T00:00:00.000,Loudoun,Not Reported,24,0,0
996,2020-07-27T00:00:00.000,Mount Rogers,Female,600,38,16
997,2020-07-27T00:00:00.000,Mount Rogers,Male,521,66,23
998,2020-07-27T00:00:00.000,Mount Rogers,Not Reported,2,0,0
999,2020-07-27T00:00:00.000,New River,Female,183,8,1
